outcome,outcome_unit,estimate,force_level_mvc,simulation_id,normal_value,dpn_value,dpn_minus_normal
firing_rate,pps,randomized_hdsemg,10,0,11.35,13.15,1.8000000000000007
firing_rate,pps,randomized_hdsemg,10,1,10.483333333333334,11.549999999999999,1.0666666666666647
firing_rate,pps,randomized_hdsemg,10,2,12.816666666666668,11.8,-1.0166666666666675
firing_rate,pps,randomized_hdsemg,10,3,13.0,10.233333333333333,-2.7666666666666675
firing_rate,pps,randomized_hdsemg,10,4,12.95,12.416666666666668,-0.5333333333333314
firing_rate,pps,randomized_hdsemg,10,5,11.816666666666666,11.733333333333333,-0.08333333333333393
firing_rate,pps,randomized_hdsemg,10,6,10.749999999999998,11.566666666666666,0.8166666666666682
firing_rate,pps,randomized_hdsemg,10,7,11.966666666666669,12.349999999999998,0.3833333333333293
firing_rate,pps,randomized_hdsemg,10,8,11.883333333333335,12.183333333333334,0.29999999999999893
firing_rate,pps,randomized_hdsemg,10,9,12.083333333333334,11.083333333333334,-1.0
firing_rate,pps,randomized_hdsemg,10,10,12.483333333333333,12.966666666666669,0.48333333333333606
firing_rate,pps,randomized_hdsemg,10,11,11.216666666666665,10.75,-0.466666666666665
firing_rate,pps,randomized_hdsemg,10,12,11.950000000000001,10.583333333333334,-1.3666666666666671
firing_rate,pps,randomized_hdsemg,10,13,12.283333333333331,12.433333333333334,0.15000000000000213
firing_rate,pps,randomized_hdsemg,10,14,11.999999999999998,11.8,-0.1999999999999975
firing_rate,pps,randomized_hdsemg,10,15,11.983333333333334,12.183333333333334,0.1999999999999993
firing_rate,pps,randomized_hdsemg,10,16,12.433333333333334,12.316666666666666,-0.11666666666666714
firing_rate,pps,randomized_hdsemg,10,17,11.916666666666668,12.483333333333333,0.5666666666666647
firing_rate,pps,randomized_hdsemg,10,18,12.05,12.35,0.29999999999999893
firing_rate,pps,randomized_hdsemg,10,19,10.733333333333333,11.866666666666667,1.1333333333333346
firing_rate,pps,randomized_hdsemg,10,20,12.583333333333334,12.633333333333333,0.049999999999998934
firing_rate,pps,randomized_hdsemg,10,21,12.7,10.900000000000002,-1.7999999999999972
firing_rate,pps,randomized_hdsemg,10,22,12.083333333333334,12.25,0.16666666666666607
firing_rate,pps,randomized_hdsemg,10,23,12.866666666666665,12.866666666666665,0.0
firing_rate,pps,randomized_hdsemg,10,24,11.15,11.916666666666668,0.7666666666666675
firing_rate,pps,randomized_hdsemg,10,25,11.766666666666667,12.066666666666666,0.29999999999999893
firing_rate,pps,randomized_hdsemg,10,26,12.366666666666667,11.150000000000002,-1.216666666666665
firing_rate,pps,randomized_hdsemg,10,27,11.850000000000001,11.85,-1.7763568394002505e-15
firing_rate,pps,randomized_hdsemg,10,28,11.966666666666665,12.500000000000002,0.5333333333333368
firing_rate,pps,randomized_hdsemg,10,29,12.083333333333334,11.35,-0.7333333333333343
firing_rate,pps,randomized_hdsemg,10,30,12.333333333333332,13.066666666666666,0.7333333333333343
firing_rate,pps,randomized_hdsemg,10,31,12.433333333333334,10.7,-1.7333333333333343
firing_rate,pps,randomized_hdsemg,10,32,11.716666666666665,11.3,-0.4166666666666643
firing_rate,pps,randomized_hdsemg,10,33,11.116666666666665,13.516666666666666,2.4000000000000004
firing_rate,pps,randomized_hdsemg,10,34,12.85,11.533333333333333,-1.3166666666666664
firing_rate,pps,randomized_hdsemg,10,35,12.866666666666665,12.416666666666668,-0.4499999999999975
firing_rate,pps,randomized_hdsemg,10,36,12.233333333333333,11.466666666666665,-0.7666666666666675
firing_rate,pps,randomized_hdsemg,10,37,12.033333333333333,12.016666666666667,-0.01666666666666572
firing_rate,pps,randomized_hdsemg,10,38,13.4,9.683333333333334,-3.716666666666667
firing_rate,pps,randomized_hdsemg,10,39,12.016666666666667,11.6,-0.41666666666666785
firing_rate,pps,randomized_hdsemg,10,40,12.333333333333332,10.583333333333332,-1.75
firing_rate,pps,randomized_hdsemg,10,41,11.233333333333333,10.549999999999999,-0.6833333333333336
firing_rate,pps,randomized_hdsemg,10,42,13.01666666666667,11.766666666666667,-1.2500000000000018
firing_rate,pps,randomized_hdsemg,10,43,11.883333333333333,11.916666666666668,0.03333333333333499
firing_rate,pps,randomized_hdsemg,10,44,11.366666666666665,12.133333333333333,0.7666666666666675
firing_rate,pps,randomized_hdsemg,10,45,11.85,11.95,0.09999999999999964
firing_rate,pps,randomized_hdsemg,10,46,11.983333333333333,10.7,-1.2833333333333332
firing_rate,pps,randomized_hdsemg,10,47,11.2,11.383333333333335,0.18333333333333535
firing_rate,pps,randomized_hdsemg,10,48,11.25,11.366666666666665,0.11666666666666536
firing_rate,pps,randomized_hdsemg,10,49,12.95,11.166666666666666,-1.7833333333333332
firing_rate,pps,randomized_hdsemg,20,0,12.133333333333333,11.033333333333335,-1.0999999999999979
firing_rate,pps,randomized_hdsemg,20,1,12.0,12.3,0.3000000000000007
firing_rate,pps,randomized_hdsemg,20,2,11.266666666666667,12.033333333333333,0.7666666666666657
firing_rate,pps,randomized_hdsemg,20,3,12.333333333333332,11.283333333333335,-1.0499999999999972
firing_rate,pps,randomized_hdsemg,20,4,12.616666666666667,12.933333333333334,0.31666666666666643
firing_rate,pps,randomized_hdsemg,20,5,12.75,11.73333333333333,-1.0166666666666693
firing_rate,pps,randomized_hdsemg,20,6,12.15,12.316666666666666,0.16666666666666607
firing_rate,pps,randomized_hdsemg,20,7,11.349999999999998,12.033333333333335,0.6833333333333371
firing_rate,pps,randomized_hdsemg,20,8,12.316666666666666,12.466666666666667,0.15000000000000036
firing_rate,pps,randomized_hdsemg,20,9,12.216666666666667,12.0,-0.21666666666666679
firing_rate,pps,randomized_hdsemg,20,10,12.616666666666665,11.799999999999999,-0.8166666666666664
firing_rate,pps,randomized_hdsemg,20,11,12.133333333333333,11.383333333333335,-0.7499999999999982
firing_rate,pps,randomized_hdsemg,20,12,12.166666666666668,12.549999999999999,0.3833333333333311
firing_rate,pps,randomized_hdsemg,20,13,11.766666666666666,12.249999999999998,0.4833333333333325
firing_rate,pps,randomized_hdsemg,20,14,11.966666666666667,10.483333333333333,-1.4833333333333343
firing_rate,pps,randomized_hdsemg,20,15,12.916666666666666,11.783333333333333,-1.1333333333333329
firing_rate,pps,randomized_hdsemg,20,16,12.23333333333333,12.0,-0.23333333333333073
firing_rate,pps,randomized_hdsemg,20,17,12.4,10.2,-2.200000000000001
firing_rate,pps,randomized_hdsemg,20,18,11.583333333333334,11.083333333333334,-0.5
firing_rate,pps,randomized_hdsemg,20,19,11.866666666666667,13.26666666666667,1.4000000000000021
firing_rate,pps,randomized_hdsemg,20,20,12.383333333333335,11.233333333333333,-1.1500000000000021
firing_rate,pps,randomized_hdsemg,20,21,11.45,12.433333333333334,0.9833333333333343
firing_rate,pps,randomized_hdsemg,20,22,13.35,10.7,-2.6500000000000004
firing_rate,pps,randomized_hdsemg,20,23,12.516666666666666,12.433333333333334,-0.08333333333333215
firing_rate,pps,randomized_hdsemg,20,24,12.5,11.749999999999998,-0.7500000000000018
firing_rate,pps,randomized_hdsemg,20,25,12.816666666666668,11.516666666666666,-1.3000000000000025
firing_rate,pps,randomized_hdsemg,20,26,12.416666666666666,11.616666666666665,-0.8000000000000007
firing_rate,pps,randomized_hdsemg,20,27,11.866666666666667,12.416666666666666,0.5499999999999989
firing_rate,pps,randomized_hdsemg,20,28,12.433333333333334,12.433333333333334,0.0
firing_rate,pps,randomized_hdsemg,20,29,12.533333333333335,11.25,-1.283333333333335
firing_rate,pps,randomized_hdsemg,20,30,12.2,11.183333333333334,-1.0166666666666657
firing_rate,pps,randomized_hdsemg,20,31,12.633333333333335,10.666666666666666,-1.9666666666666686
firing_rate,pps,randomized_hdsemg,20,32,12.249999999999998,10.616666666666665,-1.6333333333333329
firing_rate,pps,randomized_hdsemg,20,33,12.333333333333334,11.233333333333334,-1.0999999999999996
firing_rate,pps,randomized_hdsemg,20,34,11.3,10.8,-0.5
firing_rate,pps,randomized_hdsemg,20,35,12.683333333333334,12.466666666666665,-0.21666666666666856
firing_rate,pps,randomized_hdsemg,20,36,12.433333333333334,12.183333333333334,-0.25
firing_rate,pps,randomized_hdsemg,20,37,11.216666666666667,12.016666666666667,0.8000000000000007
firing_rate,pps,randomized_hdsemg,20,38,11.5,12.033333333333335,0.533333333333335
firing_rate,pps,randomized_hdsemg,20,39,12.283333333333333,10.766666666666666,-1.5166666666666675
firing_rate,pps,randomized_hdsemg,20,40,12.3,11.833333333333332,-0.46666666666666856
firing_rate,pps,randomized_hdsemg,20,41,12.433333333333334,11.166666666666668,-1.2666666666666657
firing_rate,pps,randomized_hdsemg,20,42,11.383333333333333,11.033333333333333,-0.34999999999999964
firing_rate,pps,randomized_hdsemg,20,43,12.383333333333335,12.383333333333335,0.0
firing_rate,pps,randomized_hdsemg,20,44,11.733333333333334,11.783333333333333,0.049999999999998934
firing_rate,pps,randomized_hdsemg,20,45,12.4,12.45,0.049999999999998934
firing_rate,pps,randomized_hdsemg,20,46,13.25,11.349999999999998,-1.9000000000000021
firing_rate,pps,randomized_hdsemg,20,47,12.183333333333334,11.783333333333333,-0.40000000000000036
firing_rate,pps,randomized_hdsemg,20,48,11.383333333333333,10.316666666666666,-1.0666666666666664
firing_rate,pps,randomized_hdsemg,20,49,12.416666666666668,12.766666666666667,0.34999999999999964
firing_rate,pps,randomized_hdsemg,50,0,10.983333333333334,11.4,0.4166666666666661
firing_rate,pps,randomized_hdsemg,50,1,12.333333333333334,11.15,-1.1833333333333336
firing_rate,pps,randomized_hdsemg,50,2,11.483333333333333,12.433333333333334,0.9500000000000011
firing_rate,pps,randomized_hdsemg,50,3,11.683333333333334,11.533333333333333,-0.15000000000000036
firing_rate,pps,randomized_hdsemg,50,4,12.333333333333332,11.216666666666667,-1.1166666666666654
firing_rate,pps,randomized_hdsemg,50,5,13.0,12.283333333333335,-0.716666666666665
firing_rate,pps,randomized_hdsemg,50,6,10.600000000000001,11.133333333333333,0.5333333333333314
firing_rate,pps,randomized_hdsemg,50,7,11.116666666666667,11.433333333333334,0.31666666666666643
firing_rate,pps,randomized_hdsemg,50,8,11.900000000000002,11.666666666666668,-0.23333333333333428
firing_rate,pps,randomized_hdsemg,50,9,12.166666666666668,10.25,-1.9166666666666679
firing_rate,pps,randomized_hdsemg,50,10,13.383333333333335,12.4,-0.9833333333333343
firing_rate,pps,randomized_hdsemg,50,11,12.183333333333332,12.2,0.016666666666667496
firing_rate,pps,randomized_hdsemg,50,12,12.566666666666666,10.466666666666667,-2.0999999999999996
firing_rate,pps,randomized_hdsemg,50,13,12.983333333333334,12.750000000000002,-0.2333333333333325
firing_rate,pps,randomized_hdsemg,50,14,13.366666666666669,10.299999999999999,-3.06666666666667
firing_rate,pps,randomized_hdsemg,50,15,10.716666666666665,11.85,1.1333333333333346
firing_rate,pps,randomized_hdsemg,50,16,12.133333333333333,11.716666666666667,-0.4166666666666661
firing_rate,pps,randomized_hdsemg,50,17,11.266666666666666,12.733333333333334,1.4666666666666686
firing_rate,pps,randomized_hdsemg,50,18,11.133333333333333,8.900000000000002,-2.2333333333333307
firing_rate,pps,randomized_hdsemg,50,19,12.183333333333334,11.766666666666667,-0.4166666666666661
firing_rate,pps,randomized_hdsemg,50,20,11.716666666666667,12.216666666666667,0.5
firing_rate,pps,randomized_hdsemg,50,21,12.783333333333333,11.833333333333332,-0.9500000000000011
firing_rate,pps,randomized_hdsemg,50,22,12.533333333333335,11.05,-1.4833333333333343
firing_rate,pps,randomized_hdsemg,50,23,12.116666666666667,13.1,0.9833333333333325
firing_rate,pps,randomized_hdsemg,50,24,11.400000000000002,11.0,-0.40000000000000213
firing_rate,pps,randomized_hdsemg,50,25,11.116666666666669,12.016666666666666,0.8999999999999968
firing_rate,pps,randomized_hdsemg,50,26,11.016666666666667,11.083333333333332,0.06666666666666465
firing_rate,pps,randomized_hdsemg,50,27,12.25,13.05,0.8000000000000007
firing_rate,pps,randomized_hdsemg,50,28,12.1,11.166666666666666,-0.9333333333333336
firing_rate,pps,randomized_hdsemg,50,29,11.783333333333335,10.7,-1.0833333333333357
firing_rate,pps,randomized_hdsemg,50,30,10.850000000000001,11.1,0.24999999999999822
firing_rate,pps,randomized_hdsemg,50,31,10.283333333333333,11.649999999999999,1.3666666666666654
firing_rate,pps,randomized_hdsemg,50,32,11.8,11.466666666666667,-0.3333333333333339
firing_rate,pps,randomized_hdsemg,50,33,12.7,10.766666666666667,-1.9333333333333318
firing_rate,pps,randomized_hdsemg,50,34,11.283333333333335,11.400000000000002,0.11666666666666714
firing_rate,pps,randomized_hdsemg,50,35,12.216666666666667,11.433333333333334,-0.7833333333333332
firing_rate,pps,randomized_hdsemg,50,36,10.999999999999998,12.066666666666666,1.0666666666666682
firing_rate,pps,randomized_hdsemg,50,37,12.883333333333335,11.516666666666667,-1.3666666666666671
firing_rate,pps,randomized_hdsemg,50,38,12.833333333333334,9.866666666666667,-2.966666666666667
firing_rate,pps,randomized_hdsemg,50,39,11.683333333333334,12.283333333333333,0.5999999999999996
firing_rate,pps,randomized_hdsemg,50,40,11.916666666666668,9.366666666666665,-2.5500000000000025
firing_rate,pps,randomized_hdsemg,50,41,12.383333333333333,12.616666666666667,0.23333333333333428
firing_rate,pps,randomized_hdsemg,50,42,11.433333333333334,12.4,0.9666666666666668
firing_rate,pps,randomized_hdsemg,50,43,11.783333333333333,10.733333333333334,-1.049999999999999
firing_rate,pps,randomized_hdsemg,50,44,11.883333333333335,12.233333333333334,0.34999999999999964
firing_rate,pps,randomized_hdsemg,50,45,11.683333333333334,11.233333333333334,-0.4499999999999993
firing_rate,pps,randomized_hdsemg,50,46,11.95,10.65,-1.299999999999999
firing_rate,pps,randomized_hdsemg,50,47,12.383333333333333,10.533333333333335,-1.8499999999999979
firing_rate,pps,randomized_hdsemg,50,48,12.45,12.333333333333334,-0.11666666666666536
firing_rate,pps,randomized_hdsemg,50,49,11.516666666666666,12.266666666666666,0.75
firing_rate,pps,simulation_truth_all_active_motor_units,10,0,10.034037558685448,12.042016806722687,2.0079792480372394
firing_rate,pps,simulation_truth_all_active_motor_units,10,1,10.839460784313726,11.109375,0.26991421568627416
firing_rate,pps,simulation_truth_all_active_motor_units,10,2,10.346813725490195,11.629032258064516,1.282218532574321
firing_rate,pps,simulation_truth_all_active_motor_units,10,3,9.587356321839081,11.430107526881722,1.8427512050426404
firing_rate,pps,simulation_truth_all_active_motor_units,10,4,9.522675736961451,11.542699724517906,2.0200239875564545
firing_rate,pps,simulation_truth_all_active_motor_units,10,5,9.970238095238095,11.794444444444446,1.8242063492063512
firing_rate,pps,simulation_truth_all_active_motor_units,10,6,9.545238095238096,11.71074380165289,2.1655057064147947
firing_rate,pps,simulation_truth_all_active_motor_units,10,7,10.473039215686276,10.94579945799458,0.47276024230830416
firing_rate,pps,simulation_truth_all_active_motor_units,10,8,10.61800486618005,11.033591731266151,0.41558686508610165
firing_rate,pps,simulation_truth_all_active_motor_units,10,9,9.984741784037558,12.060606060606059,2.0758642765685007
firing_rate,pps,simulation_truth_all_active_motor_units,10,10,9.936170212765957,11.240591397849462,1.3044211850835055
firing_rate,pps,simulation_truth_all_active_motor_units,10,11,9.968824940047963,11.321333333333335,1.3525083932853725
firing_rate,pps,simulation_truth_all_active_motor_units,10,12,9.383561643835616,12.081967213114755,2.6984055692791387
firing_rate,pps,simulation_truth_all_active_motor_units,10,13,10.310049019607842,10.928,0.617950980392159
firing_rate,pps,simulation_truth_all_active_motor_units,10,14,10.269047619047617,11.510840108401084,1.2417924893534664
firing_rate,pps,simulation_truth_all_active_motor_units,10,15,10.56592039800995,11.581989247311826,1.0160688493018757
firing_rate,pps,simulation_truth_all_active_motor_units,10,16,9.706572769953052,11.698087431693988,1.9915146617409363
firing_rate,pps,simulation_truth_all_active_motor_units,10,17,10.055970149253733,11.557909604519773,1.5019394552660401
firing_rate,pps,simulation_truth_all_active_motor_units,10,18,10.376498800959233,11.980392156862743,1.6038933559035105
firing_rate,pps,simulation_truth_all_active_motor_units,10,19,10.0,11.248031496062993,1.2480314960629926
firing_rate,pps,simulation_truth_all_active_motor_units,10,20,10.438725490196077,12.072404371584701,1.633678881388624
firing_rate,pps,simulation_truth_all_active_motor_units,10,21,10.31294964028777,12.016129032258064,1.7031793919702949
firing_rate,pps,simulation_truth_all_active_motor_units,10,22,10.384803921568627,11.618279569892474,1.2334756483238465
firing_rate,pps,simulation_truth_all_active_motor_units,10,23,10.27007299270073,11.652,1.3819270072992698
firing_rate,pps,simulation_truth_all_active_motor_units,10,24,10.14988009592326,11.510840108401084,1.3609600124778236
firing_rate,pps,simulation_truth_all_active_motor_units,10,25,10.305555555555554,11.601851851851851,1.2962962962962976
firing_rate,pps,simulation_truth_all_active_motor_units,10,26,10.032374100719425,11.401084010840108,1.3687099101206837
firing_rate,pps,simulation_truth_all_active_motor_units,10,27,10.031400966183575,11.063999999999998,1.0325990338164228
firing_rate,pps,simulation_truth_all_active_motor_units,10,28,10.459232613908874,10.873385012919897,0.41415239901102296
firing_rate,pps,simulation_truth_all_active_motor_units,10,29,10.077380952380954,12.219945355191257,2.1425644028103026
firing_rate,pps,simulation_truth_all_active_motor_units,10,30,10.509876543209876,11.987804878048781,1.4779283348389054
firing_rate,pps,simulation_truth_all_active_motor_units,10,31,10.158150851581508,10.290076335877863,0.13192548429635487
firing_rate,pps,simulation_truth_all_active_motor_units,10,32,9.458333333333334,11.777777777777779,2.3194444444444446
firing_rate,pps,simulation_truth_all_active_motor_units,10,33,10.25669099756691,12.364406779661017,2.1077157820941075
firing_rate,pps,simulation_truth_all_active_motor_units,10,34,11.029715762273902,11.200819672131148,0.171103909857246
firing_rate,pps,simulation_truth_all_active_motor_units,10,35,9.60680751173709,11.342666666666664,1.7358591549295745
firing_rate,pps,simulation_truth_all_active_motor_units,10,36,9.311643835616438,11.118489583333332,1.8068457477168938
firing_rate,pps,simulation_truth_all_active_motor_units,10,37,10.178832116788321,11.201101928374657,1.0222698115863356
firing_rate,pps,simulation_truth_all_active_motor_units,10,38,10.676543209876545,11.594632768361583,0.9180895584850379
firing_rate,pps,simulation_truth_all_active_motor_units,10,39,9.996478873239436,11.488000000000001,1.4915211267605653
firing_rate,pps,simulation_truth_all_active_motor_units,10,40,10.19718309859155,11.191056910569106,0.9938738119775561
firing_rate,pps,simulation_truth_all_active_motor_units,10,41,9.395539906103286,11.18279569892473,1.787255792821444
firing_rate,pps,simulation_truth_all_active_motor_units,10,42,10.371046228710464,11.544354838709676,1.1733086099992125
firing_rate,pps,simulation_truth_all_active_motor_units,10,43,10.151960784313726,12.459722222222222,2.3077614379084963
firing_rate,pps,simulation_truth_all_active_motor_units,10,44,10.42822384428224,11.923387096774196,1.495163252491956
firing_rate,pps,simulation_truth_all_active_motor_units,10,45,9.7018779342723,11.121333333333332,1.4194553990610324
firing_rate,pps,simulation_truth_all_active_motor_units,10,46,9.906172839506175,11.102981029810298,1.1968081903041234
firing_rate,pps,simulation_truth_all_active_motor_units,10,47,10.721804511278195,12.230225988700566,1.5084214774223703
firing_rate,pps,simulation_truth_all_active_motor_units,10,48,10.448148148148148,11.352150537634412,0.9040023894862639
firing_rate,pps,simulation_truth_all_active_motor_units,10,49,10.107407407407408,10.927248677248679,0.8198412698412714
firing_rate,pps,simulation_truth_all_active_motor_units,20,0,13.472549019607841,14.577991452991451,1.10544243338361
firing_rate,pps,simulation_truth_all_active_motor_units,20,1,13.149523809523808,13.764403292181068,0.6148794826572601
firing_rate,pps,simulation_truth_all_active_motor_units,20,2,13.17809523809524,14.68343815513627,1.5053429170410304
firing_rate,pps,simulation_truth_all_active_motor_units,20,3,12.486817325800379,13.775757575757575,1.2889402499571965
firing_rate,pps,simulation_truth_all_active_motor_units,20,4,13.12280701754386,14.252083333333335,1.1292763157894754
firing_rate,pps,simulation_truth_all_active_motor_units,20,5,12.586142322097379,13.929718875502006,1.3435765534046276
firing_rate,pps,simulation_truth_all_active_motor_units,20,6,12.565510597302502,13.743827160493828,1.1783165631913253
firing_rate,pps,simulation_truth_all_active_motor_units,20,7,12.836142322097377,13.746376811594201,0.9102344894968244
firing_rate,pps,simulation_truth_all_active_motor_units,20,8,12.90875232774674,14.498983739837396,1.590231412090656
firing_rate,pps,simulation_truth_all_active_motor_units,20,9,13.044834307992204,14.150306748466258,1.1054724404740544
firing_rate,pps,simulation_truth_all_active_motor_units,20,10,12.971428571428572,13.602249488752559,0.6308209173239874
firing_rate,pps,simulation_truth_all_active_motor_units,20,11,13.171539961013647,13.44238683127572,0.27084687026207277
firing_rate,pps,simulation_truth_all_active_motor_units,20,12,13.142300194931773,14.467505241090144,1.3252050461583718
firing_rate,pps,simulation_truth_all_active_motor_units,20,13,12.679775280898877,13.386904761904763,0.7071294810058859
firing_rate,pps,simulation_truth_all_active_motor_units,20,14,12.917137476459509,13.633732534930138,0.7165950584706291
firing_rate,pps,simulation_truth_all_active_motor_units,20,15,13.181034482758621,14.252587991718428,1.0715535089598074
firing_rate,pps,simulation_truth_all_active_motor_units,20,16,13.03972868217054,14.1875,1.1477713178294593
firing_rate,pps,simulation_truth_all_active_motor_units,20,17,12.681992337164752,13.390593047034764,0.7086007098700122
firing_rate,pps,simulation_truth_all_active_motor_units,20,18,13.339181286549708,13.969979296066251,0.6307980095165426
firing_rate,pps,simulation_truth_all_active_motor_units,20,19,13.003831417624523,13.995910020449896,0.992078602825373
firing_rate,pps,simulation_truth_all_active_motor_units,20,20,12.85580524344569,13.316764132553608,0.4609588891079177
firing_rate,pps,simulation_truth_all_active_motor_units,20,21,12.984761904761903,13.768686868686867,0.7839249639249637
firing_rate,pps,simulation_truth_all_active_motor_units,20,22,13.269379844961238,14.314814814814815,1.0454349698535772
firing_rate,pps,simulation_truth_all_active_motor_units,20,23,12.940340909090908,13.356150793650794,0.4158098845598861
firing_rate,pps,simulation_truth_all_active_motor_units,20,24,13.396686159844055,14.136268343815516,0.7395821839714607
firing_rate,pps,simulation_truth_all_active_motor_units,20,25,13.111434108527133,14.08539094650206,0.9739568379749262
firing_rate,pps,simulation_truth_all_active_motor_units,20,26,13.033524904214557,13.95398773006135,0.9204628258467924
firing_rate,pps,simulation_truth_all_active_motor_units,20,27,12.919999999999998,14.074309978768579,1.1543099787685804
firing_rate,pps,simulation_truth_all_active_motor_units,20,28,13.184659090909092,14.539337474120083,1.3546783832109917
firing_rate,pps,simulation_truth_all_active_motor_units,20,29,12.729166666666664,14.182291666666666,1.4531250000000018
firing_rate,pps,simulation_truth_all_active_motor_units,20,30,12.915254237288135,13.730452674897121,0.815198437608986
firing_rate,pps,simulation_truth_all_active_motor_units,20,31,13.666666666666666,14.06145833333333,0.39479166666666465
firing_rate,pps,simulation_truth_all_active_motor_units,20,32,12.586142322097379,13.4989837398374,0.9128414177400206
firing_rate,pps,simulation_truth_all_active_motor_units,20,33,12.618131868131869,14.108384458077708,1.4902525899458396
firing_rate,pps,simulation_truth_all_active_motor_units,20,34,12.956928838951312,13.832298136645962,0.8753692976946503
firing_rate,pps,simulation_truth_all_active_motor_units,20,35,13.06704980842912,14.328125,1.26107519157088
firing_rate,pps,simulation_truth_all_active_motor_units,20,36,12.984313725490196,14.039094650205762,1.0547809247155655
firing_rate,pps,simulation_truth_all_active_motor_units,20,37,12.810344827586206,14.140461215932914,1.330116388346708
firing_rate,pps,simulation_truth_all_active_motor_units,20,38,13.222868217054263,14.73206751054852,1.509199293494257
firing_rate,pps,simulation_truth_all_active_motor_units,20,39,13.040952380952383,14.669811320754716,1.628858939802333
firing_rate,pps,simulation_truth_all_active_motor_units,20,40,13.263409961685825,14.153292181069958,0.8898822193841323
firing_rate,pps,simulation_truth_all_active_motor_units,20,41,12.696531791907514,14.05732484076433,1.3607930488568165
firing_rate,pps,simulation_truth_all_active_motor_units,20,42,12.567970204841712,14.08281573498965,1.5148455301479373
firing_rate,pps,simulation_truth_all_active_motor_units,20,43,12.694756554307116,14.375,1.6802434456928843
firing_rate,pps,simulation_truth_all_active_motor_units,20,44,13.563725490196079,14.68365180467091,1.1199263144748315
firing_rate,pps,simulation_truth_all_active_motor_units,20,45,13.140655105973027,14.742038216560509,1.6013831105874825
firing_rate,pps,simulation_truth_all_active_motor_units,20,46,13.35672514619883,13.419715447154472,0.06299030095564184
firing_rate,pps,simulation_truth_all_active_motor_units,20,47,13.254335260115605,14.338541666666666,1.0842064065510613
firing_rate,pps,simulation_truth_all_active_motor_units,20,48,12.956439393939394,14.151234567901234,1.1947951739618397
firing_rate,pps,simulation_truth_all_active_motor_units,20,49,12.870265151515154,13.470347648261757,0.6000824967466034
firing_rate,pps,simulation_truth_all_active_motor_units,50,0,16.5844250363901,16.978787878787877,0.39436284239777564
firing_rate,pps,simulation_truth_all_active_motor_units,50,1,16.657287157287158,17.601515151515155,0.9442279942279974
firing_rate,pps,simulation_truth_all_active_motor_units,50,2,16.788600288600286,18.022070015220702,1.2334697266204167
firing_rate,pps,simulation_truth_all_active_motor_units,50,3,16.93612334801762,17.5280303030303,0.5919069550126785
firing_rate,pps,simulation_truth_all_active_motor_units,50,4,16.94517543859649,17.79663608562691,0.8514606470304216
firing_rate,pps,simulation_truth_all_active_motor_units,50,5,16.666666666666668,16.926008968609864,0.25934230194319596
firing_rate,pps,simulation_truth_all_active_motor_units,50,6,16.790748898678412,17.149321266968325,0.3585723682899129
firing_rate,pps,simulation_truth_all_active_motor_units,50,7,17.23185185185185,17.428251121076233,0.19639926922438278
firing_rate,pps,simulation_truth_all_active_motor_units,50,8,16.93538913362702,17.07100149476831,0.13561236114129116
firing_rate,pps,simulation_truth_all_active_motor_units,50,9,17.03930131004367,17.60735735735736,0.5680560473136893
firing_rate,pps,simulation_truth_all_active_motor_units,50,10,17.18567251461988,17.436936936936938,0.2512644223170568
firing_rate,pps,simulation_truth_all_active_motor_units,50,11,16.876273653566226,17.337138508371385,0.46086485480515904
firing_rate,pps,simulation_truth_all_active_motor_units,50,12,16.694927536231884,17.884848484848483,1.1899209486165994
firing_rate,pps,simulation_truth_all_active_motor_units,50,13,17.024229074889867,17.28310502283105,0.25887594794118485
firing_rate,pps,simulation_truth_all_active_motor_units,50,14,17.063492063492063,17.69155354449472,0.628061481002657
firing_rate,pps,simulation_truth_all_active_motor_units,50,15,16.492784992784994,17.7012012012012,1.2084162084162067
firing_rate,pps,simulation_truth_all_active_motor_units,50,16,17.515695067264573,17.65912518853695,0.14343012127237742
firing_rate,pps,simulation_truth_all_active_motor_units,50,17,16.63888888888889,16.926666666666666,0.2877777777777766
firing_rate,pps,simulation_truth_all_active_motor_units,50,18,17.20648967551622,18.163594470046082,0.9571047945298616
firing_rate,pps,simulation_truth_all_active_motor_units,50,19,17.26725403817915,17.416666666666668,0.1494126284875179
firing_rate,pps,simulation_truth_all_active_motor_units,50,20,16.919616519174042,16.905829596412556,-0.013786922761486409
firing_rate,pps,simulation_truth_all_active_motor_units,50,21,17.291666666666668,17.192192192192188,-0.09947447447447999
firing_rate,pps,simulation_truth_all_active_motor_units,50,22,17.049926578560942,17.373511904761905,0.3235853262009627
firing_rate,pps,simulation_truth_all_active_motor_units,50,23,16.86159420289855,17.569381598793363,0.7077873958948118
firing_rate,pps,simulation_truth_all_active_motor_units,50,24,17.03891336270191,17.197916666666668,0.15900330396475937
firing_rate,pps,simulation_truth_all_active_motor_units,50,25,16.943231441048034,17.96879756468798,1.025566123639944
firing_rate,pps,simulation_truth_all_active_motor_units,50,26,16.845705967976713,17.29954954954955,0.453843581572837
firing_rate,pps,simulation_truth_all_active_motor_units,50,27,16.91885964912281,18.148837209302325,1.2299775601795169
firing_rate,pps,simulation_truth_all_active_motor_units,50,28,16.94809941520468,17.7660687593423,0.8179693441376195
firing_rate,pps,simulation_truth_all_active_motor_units,50,29,16.732608695652175,16.763703703703705,0.03109500805152976
firing_rate,pps,simulation_truth_all_active_motor_units,50,30,16.761280931586608,16.816816816816818,0.055535885230209914
firing_rate,pps,simulation_truth_all_active_motor_units,50,31,16.604434907010013,17.456818181818182,0.8523832748081688
firing_rate,pps,simulation_truth_all_active_motor_units,50,32,16.886231884057974,17.051339285714285,0.16510740165631077
firing_rate,pps,simulation_truth_all_active_motor_units,50,33,16.406204906204906,16.843005952380953,0.436801046176047
firing_rate,pps,simulation_truth_all_active_motor_units,50,34,16.545258620689655,17.359208523592088,0.8139499029024329
firing_rate,pps,simulation_truth_all_active_motor_units,50,35,16.71159420289855,16.771300448430495,0.05970624553194526
firing_rate,pps,simulation_truth_all_active_motor_units,50,36,16.78928046989721,17.539755351681958,0.7504748817847471
firing_rate,pps,simulation_truth_all_active_motor_units,50,37,16.812134502923975,17.901515151515152,1.0893806485911774
firing_rate,pps,simulation_truth_all_active_motor_units,50,38,16.5959595959596,17.507610350076103,0.9116507541165042
firing_rate,pps,simulation_truth_all_active_motor_units,50,39,17.136695906432745,18.318042813455655,1.1813469070229097
firing_rate,pps,simulation_truth_all_active_motor_units,50,40,17.005139500734217,17.65321375186846,0.6480742511342434
firing_rate,pps,simulation_truth_all_active_motor_units,50,41,16.594614264919944,17.17966360856269,0.5850493436427477
firing_rate,pps,simulation_truth_all_active_motor_units,50,42,16.782672540381792,17.198660714285715,0.41598817390392284
firing_rate,pps,simulation_truth_all_active_motor_units,50,43,17.023598820058996,17.268601190476193,0.24500237041719686
firing_rate,pps,simulation_truth_all_active_motor_units,50,44,16.984513274336287,17.416292974588938,0.4317797002526511
firing_rate,pps,simulation_truth_all_active_motor_units,50,45,17.114766081871345,17.3796711509716,0.264905069100255
firing_rate,pps,simulation_truth_all_active_motor_units,50,46,16.63362068965517,17.8394777265745,1.2058570369193298
firing_rate,pps,simulation_truth_all_active_motor_units,50,47,16.96783625730994,17.072496263079223,0.1046600057692828
firing_rate,pps,simulation_truth_all_active_motor_units,50,48,16.98981077147016,17.192077727952167,0.20226695648200632
firing_rate,pps,simulation_truth_all_active_motor_units,50,49,16.768558951965066,17.21212121212121,0.4435622601561455
isi_cv,unitless,randomized_hdsemg,10,0,0.19209956834126438,0.09863897877197803,-0.09346058956928635
isi_cv,unitless,randomized_hdsemg,10,1,0.20487002077855396,0.14010678519133682,-0.06476323558721714
isi_cv,unitless,randomized_hdsemg,10,2,0.14487642950022722,0.13613381126001534,-0.008742618240211886
isi_cv,unitless,randomized_hdsemg,10,3,0.14112954883698284,0.17706789825438313,0.03593834941740029
isi_cv,unitless,randomized_hdsemg,10,4,0.1355783374915139,0.12131505091935235,-0.014263286572161554
isi_cv,unitless,randomized_hdsemg,10,5,0.17544250058716124,0.14052474324721448,-0.03491775733994676
isi_cv,unitless,randomized_hdsemg,10,6,0.21426780322070188,0.1385926655257405,-0.07567513769496137
isi_cv,unitless,randomized_hdsemg,10,7,0.16982843680081278,0.1184915085498148,-0.051336928250997976
isi_cv,unitless,randomized_hdsemg,10,8,0.16607117086667256,0.1293374407187542,-0.036733730147918364
isi_cv,unitless,randomized_hdsemg,10,9,0.16593354562137203,0.16235552618879243,-0.003578019432579599
isi_cv,unitless,randomized_hdsemg,10,10,0.14742562845780124,0.10327828611916312,-0.044147342338638124
isi_cv,unitless,randomized_hdsemg,10,11,0.19538178437896414,0.17246162445648489,-0.022920159922479255
isi_cv,unitless,randomized_hdsemg,10,12,0.1659473730615732,0.16379655470190066,-0.0021508183596725405
isi_cv,unitless,randomized_hdsemg,10,13,0.15902445477893956,0.11567485228232,-0.043349602496619566
isi_cv,unitless,randomized_hdsemg,10,14,0.17573099590649344,0.13150100629408132,-0.04422998961241212
isi_cv,unitless,randomized_hdsemg,10,15,0.16416513835908214,0.12430837760259732,-0.039856760756484824
isi_cv,unitless,randomized_hdsemg,10,16,0.14596388065151505,0.12208860732875382,-0.023875273322761237
isi_cv,unitless,randomized_hdsemg,10,17,0.16589834547977794,0.11702118017390384,-0.048877165305874104
isi_cv,unitless,randomized_hdsemg,10,18,0.16837449443238822,0.13276586509809113,-0.03560862933429709
isi_cv,unitless,randomized_hdsemg,10,19,0.20544632351699915,0.1367096904274486,-0.06873663308955055
isi_cv,unitless,randomized_hdsemg,10,20,0.153691389756827,0.10921082662197328,-0.044480563134853726
isi_cv,unitless,randomized_hdsemg,10,21,0.1556520926707041,0.15513409309544862,-0.0005179995752554734
isi_cv,unitless,randomized_hdsemg,10,22,0.16416402166408872,0.12259588485218353,-0.04156813681190519
isi_cv,unitless,randomized_hdsemg,10,23,0.1411074726571055,0.11537462873001306,-0.025732843927092436
isi_cv,unitless,randomized_hdsemg,10,24,0.18786075843871095,0.1288793902597039,-0.05898136817900704
isi_cv,unitless,randomized_hdsemg,10,25,0.1688478588839609,0.13008445221701553,-0.03876340666694536
isi_cv,unitless,randomized_hdsemg,10,26,0.15990668116424966,0.14991345439568576,-0.009993226768563901
isi_cv,unitless,randomized_hdsemg,10,27,0.167381712888773,0.12967562908642072,-0.03770608380235227
isi_cv,unitless,randomized_hdsemg,10,28,0.17109773548382515,0.11869135040557947,-0.052406385078245674
isi_cv,unitless,randomized_hdsemg,10,29,0.15520819928402868,0.1362621268360577,-0.018946072447970974
isi_cv,unitless,randomized_hdsemg,10,30,0.15412703236568367,0.09974824519503551,-0.05437878717064816
isi_cv,unitless,randomized_hdsemg,10,31,0.16735775863605,0.16829112850649736,0.0009333698704473425
isi_cv,unitless,randomized_hdsemg,10,32,0.18444316766159194,0.14395929158638918,-0.04048387607520276
isi_cv,unitless,randomized_hdsemg,10,33,0.19091773212815705,0.09008097424061648,-0.10083675788754057
isi_cv,unitless,randomized_hdsemg,10,34,0.140116324863705,0.13584107950733976,-0.004275245356365254
isi_cv,unitless,randomized_hdsemg,10,35,0.1473573484453051,0.11152355502348539,-0.03583379342181971
isi_cv,unitless,randomized_hdsemg,10,36,0.15917449971606734,0.15447966373392125,-0.004694835982146095
isi_cv,unitless,randomized_hdsemg,10,37,0.16211012971056435,0.12968273196036287,-0.03242739775020148
isi_cv,unitless,randomized_hdsemg,10,38,0.12773575482860394,0.20071497477713113,0.07297921994852719
isi_cv,unitless,randomized_hdsemg,10,39,0.16273463664521567,0.13934247490672502,-0.023392161738490652
isi_cv,unitless,randomized_hdsemg,10,40,0.16092085079687105,0.1746531981570616,0.01373234736019055
isi_cv,unitless,randomized_hdsemg,10,41,0.1844170181089389,0.16938754960776956,-0.015029468501169346
isi_cv,unitless,randomized_hdsemg,10,42,0.1385171746399461,0.13255464857954397,-0.0059625260604021235
isi_cv,unitless,randomized_hdsemg,10,43,0.17564585920158082,0.1323232696192136,-0.04332258958236723
isi_cv,unitless,randomized_hdsemg,10,44,0.1949156415550768,0.12236660286842652,-0.07254903868665027
isi_cv,unitless,randomized_hdsemg,10,45,0.16897379402681403,0.13098211729203577,-0.03799167673477827
isi_cv,unitless,randomized_hdsemg,10,46,0.16870174906077548,0.16637614118060826,-0.002325607880167224
isi_cv,unitless,randomized_hdsemg,10,47,0.1890289061548214,0.15296278437956423,-0.03606612177525717
isi_cv,unitless,randomized_hdsemg,10,48,0.19180025973788867,0.1437958723830746,-0.048004387354814076
isi_cv,unitless,randomized_hdsemg,10,49,0.14239528232233437,0.15039085498833432,0.007995572665999956
isi_cv,unitless,randomized_hdsemg,20,0,0.14626652931238768,0.14452815206154265,-0.0017383772508450246
isi_cv,unitless,randomized_hdsemg,20,1,0.1555315323335091,0.1192025012451432,-0.03632903108836591
isi_cv,unitless,randomized_hdsemg,20,2,0.17653382037774315,0.11561386802389997,-0.060919952353843176
isi_cv,unitless,randomized_hdsemg,20,3,0.15171592211383023,0.1317519703558864,-0.019963951757943826
isi_cv,unitless,randomized_hdsemg,20,4,0.13776834897581253,0.10294360750597789,-0.034824741469834636
isi_cv,unitless,randomized_hdsemg,20,5,0.14657859216960184,0.12595749376395737,-0.020621098405644467
isi_cv,unitless,randomized_hdsemg,20,6,0.16430000662358898,0.11905855933504239,-0.045241447288546593
isi_cv,unitless,randomized_hdsemg,20,7,0.17526746094395024,0.11459086518781585,-0.06067659575613439
isi_cv,unitless,randomized_hdsemg,20,8,0.1450687349434429,0.11206456508101259,-0.03300416986243032
isi_cv,unitless,randomized_hdsemg,20,9,0.150037617484652,0.11758588740793512,-0.03245173007671688
isi_cv,unitless,randomized_hdsemg,20,10,0.1481008622969182,0.12372994334330382,-0.024370918953614387
isi_cv,unitless,randomized_hdsemg,20,11,0.1606312835508789,0.14459823973698685,-0.01603304381389206
isi_cv,unitless,randomized_hdsemg,20,12,0.15857979125661342,0.10320938815291889,-0.05537040310369454
isi_cv,unitless,randomized_hdsemg,20,13,0.16383077894895162,0.11337394005798787,-0.05045683889096375
isi_cv,unitless,randomized_hdsemg,20,14,0.15779558828695767,0.16530331099976966,0.007507722712811998
isi_cv,unitless,randomized_hdsemg,20,15,0.1350037813726188,0.12598836189339163,-0.009015419479227155
isi_cv,unitless,randomized_hdsemg,20,16,0.1522320478558277,0.12492959631693046,-0.027302451538897238
isi_cv,unitless,randomized_hdsemg,20,17,0.1526730458758101,0.16096036494085197,0.008287319065041876
isi_cv,unitless,randomized_hdsemg,20,18,0.16640553862396312,0.1502931794653954,-0.016112359158567735
isi_cv,unitless,randomized_hdsemg,20,19,0.1654945546832045,0.08966233570567098,-0.07583221897753353
isi_cv,unitless,randomized_hdsemg,20,20,0.14656510610617476,0.133464478654929,-0.013100627451245767
isi_cv,unitless,randomized_hdsemg,20,21,0.1741898588151633,0.1081153897965681,-0.0660744690185952
isi_cv,unitless,randomized_hdsemg,20,22,0.1196938047791464,0.1474658435814978,0.027772038802351406
isi_cv,unitless,randomized_hdsemg,20,23,0.14703874346237772,0.0983575924774621,-0.048681150984915614
isi_cv,unitless,randomized_hdsemg,20,24,0.14321801184815036,0.12100169783002604,-0.022216314018124322
isi_cv,unitless,randomized_hdsemg,20,25,0.13446144375357527,0.13018140099974546,-0.004280042753829816
isi_cv,unitless,randomized_hdsemg,20,26,0.1448378960989896,0.12956390526452596,-0.015273990834463624
isi_cv,unitless,randomized_hdsemg,20,27,0.15733802305159209,0.11424417102458909,-0.043093852027003
isi_cv,unitless,randomized_hdsemg,20,28,0.13607006310904543,0.104853433451508,-0.031216629657537437
isi_cv,unitless,randomized_hdsemg,20,29,0.14035458365941256,0.1394232831044269,-0.0009313005549856646
isi_cv,unitless,randomized_hdsemg,20,30,0.1571802000973477,0.13544384582666427,-0.021736354270683433
isi_cv,unitless,randomized_hdsemg,20,31,0.13841238748546575,0.15065277942519076,0.01224039193972501
isi_cv,unitless,randomized_hdsemg,20,32,0.15273153632826691,0.15091721902682317,-0.0018143173014437408
isi_cv,unitless,randomized_hdsemg,20,33,0.1506464284754744,0.13720707248294364,-0.013439355992530766
isi_cv,unitless,randomized_hdsemg,20,34,0.17246886991835114,0.15707248599205684,-0.015396383926294305
isi_cv,unitless,randomized_hdsemg,20,35,0.1424234780696604,0.104087465108559,-0.03833601296110141
isi_cv,unitless,randomized_hdsemg,20,36,0.1499382390473793,0.10958153821056422,-0.04035670083681507
isi_cv,unitless,randomized_hdsemg,20,37,0.18217292450311062,0.12502210618074033,-0.05715081832237029
isi_cv,unitless,randomized_hdsemg,20,38,0.16418861770477214,0.1152124507025926,-0.048976167002179535
isi_cv,unitless,randomized_hdsemg,20,39,0.15133676613559777,0.14182007233044858,-0.00951669380514919
isi_cv,unitless,randomized_hdsemg,20,40,0.14335358006042984,0.11238627123060926,-0.030967308829820572
isi_cv,unitless,randomized_hdsemg,20,41,0.148091729817172,0.14222399880076,-0.005867731016411998
isi_cv,unitless,randomized_hdsemg,20,42,0.17743248072307174,0.13716281595578417,-0.04026966476728758
isi_cv,unitless,randomized_hdsemg,20,43,0.14666197347067572,0.11687275398416326,-0.02978921948651246
isi_cv,unitless,randomized_hdsemg,20,44,0.16752828648805337,0.11862155513058306,-0.04890673135747031
isi_cv,unitless,randomized_hdsemg,20,45,0.14413291298064693,0.10585123924454772,-0.03828167373609921
isi_cv,unitless,randomized_hdsemg,20,46,0.12385738574095462,0.13014411202408196,0.006286726283127347
isi_cv,unitless,randomized_hdsemg,20,47,0.14944899684329976,0.125087177412105,-0.024361819431194753
isi_cv,unitless,randomized_hdsemg,20,48,0.1687794402619272,0.15250548770711422,-0.01627395255481298
isi_cv,unitless,randomized_hdsemg,20,49,0.14363366865310445,0.09748552942584925,-0.046148139227255205
isi_cv,unitless,randomized_hdsemg,50,0,0.16403471353785873,0.1335341527768702,-0.030500560760988532
isi_cv,unitless,randomized_hdsemg,50,1,0.12696404782069895,0.13592352132549448,0.008959473504795534
isi_cv,unitless,randomized_hdsemg,50,2,0.15197968191279598,0.10188426660860775,-0.050095415304188234
isi_cv,unitless,randomized_hdsemg,50,3,0.1606268692828912,0.12865079002097662,-0.031976079261914564
isi_cv,unitless,randomized_hdsemg,50,4,0.11658540909613446,0.12889477318232984,0.012309364086195373
isi_cv,unitless,randomized_hdsemg,50,5,0.12139404807598916,0.10649670066527013,-0.014897347410719033
isi_cv,unitless,randomized_hdsemg,50,6,0.1699753090460012,0.14723646494067416,-0.022738844105327033
isi_cv,unitless,randomized_hdsemg,50,7,0.1614452314133972,0.12812223526059413,-0.03332299615280307
isi_cv,unitless,randomized_hdsemg,50,8,0.14852826673978453,0.11905597741791726,-0.029472289321867268
isi_cv,unitless,randomized_hdsemg,50,9,0.13067546551762735,0.14822497030525136,0.017549504787624015
isi_cv,unitless,randomized_hdsemg,50,10,0.10461525095355677,0.10547813512848007,0.0008628841749233063
isi_cv,unitless,randomized_hdsemg,50,11,0.12693971895781408,0.10810816425264709,-0.018831554705166995
isi_cv,unitless,randomized_hdsemg,50,12,0.12584237367007708,0.1464578327230507,0.020615459052973628
isi_cv,unitless,randomized_hdsemg,50,13,0.11660443662559376,0.099112902690041,-0.017491533935552764
isi_cv,unitless,randomized_hdsemg,50,14,0.09576866892164285,0.1555326332821784,0.05976396436053555
isi_cv,unitless,randomized_hdsemg,50,15,0.1794364680546528,0.11573187695993976,-0.06370459109471303
isi_cv,unitless,randomized_hdsemg,50,16,0.13401950565033235,0.11102442549945032,-0.02299508015088203
isi_cv,unitless,randomized_hdsemg,50,17,0.1534492107019672,0.09766192939961979,-0.05578728130234742
isi_cv,unitless,randomized_hdsemg,50,18,0.17250055908534415,0.18717161142600275,0.014671052340658602
isi_cv,unitless,randomized_hdsemg,50,19,0.13990920848666036,0.11545813008566333,-0.02445107840099703
isi_cv,unitless,randomized_hdsemg,50,20,0.14991376035072476,0.10310830910435939,-0.04680545124636537
isi_cv,unitless,randomized_hdsemg,50,21,0.11705413597527689,0.11645626090479289,-0.0005978750704840052
isi_cv,unitless,randomized_hdsemg,50,22,0.11974459176818442,0.1301698378163942,0.010425246048209796
isi_cv,unitless,randomized_hdsemg,50,23,0.12422197457577977,0.09021357451378478,-0.03400840006199499
isi_cv,unitless,randomized_hdsemg,50,24,0.13810008292632936,0.14676544174444303,0.008665358818113672
isi_cv,unitless,randomized_hdsemg,50,25,0.1671113545473789,0.110526400723397,-0.056584953823981904
isi_cv,unitless,randomized_hdsemg,50,26,0.1567042908228564,0.13213929772629793,-0.024564993096558463
isi_cv,unitless,randomized_hdsemg,50,27,0.12457524751801449,0.09812468822388497,-0.026450559294129525
isi_cv,unitless,randomized_hdsemg,50,28,0.1408191551478896,0.13537794089551655,-0.005441214252373039
isi_cv,unitless,randomized_hdsemg,50,29,0.13862527895872012,0.14635865128505526,0.007733372326335142
isi_cv,unitless,randomized_hdsemg,50,30,0.1691991600789859,0.13946225397095524,-0.029736906108030647
isi_cv,unitless,randomized_hdsemg,50,31,0.17590116852101803,0.12059365724491614,-0.055307511276101895
isi_cv,unitless,randomized_hdsemg,50,32,0.14409668667999015,0.13009312958865848,-0.014003557091331664
isi_cv,unitless,randomized_hdsemg,50,33,0.1193064422078675,0.14275585023725426,0.023449408029386762
isi_cv,unitless,randomized_hdsemg,50,34,0.15667755615021464,0.11544691471531048,-0.04123064143490417
isi_cv,unitless,randomized_hdsemg,50,35,0.13733508887277346,0.12486372489885514,-0.01247136397391832
isi_cv,unitless,randomized_hdsemg,50,36,0.15945059377421283,0.10847936148723844,-0.050971232286974394
isi_cv,unitless,randomized_hdsemg,50,37,0.12296261100965507,0.12420032259136723,0.001237711581712167
isi_cv,unitless,randomized_hdsemg,50,38,0.12305741362636866,0.16425149046833834,0.041194076841969685
isi_cv,unitless,randomized_hdsemg,50,39,0.1492757814571491,0.10823062267617116,-0.04104515878097793
isi_cv,unitless,randomized_hdsemg,50,40,0.1436049737993416,0.17246763294357578,0.028862659144234193
isi_cv,unitless,randomized_hdsemg,50,41,0.1343110101356914,0.10815627347827539,-0.026154736657416022
isi_cv,unitless,randomized_hdsemg,50,42,0.1599859048762265,0.10478937507337911,-0.05519652980284738
isi_cv,unitless,randomized_hdsemg,50,43,0.14210031298870493,0.14293529175688352,0.0008349787681785903
isi_cv,unitless,randomized_hdsemg,50,44,0.14855682696630074,0.10246319311621402,-0.04609363385008672
isi_cv,unitless,randomized_hdsemg,50,45,0.1409707661409946,0.12596496577854235,-0.015005800362452248
isi_cv,unitless,randomized_hdsemg,50,46,0.14452711969116566,0.14729230459153259,0.0027651849003669238
isi_cv,unitless,randomized_hdsemg,50,47,0.1247250826820386,0.14074710384990494,0.016022021167866343
isi_cv,unitless,randomized_hdsemg,50,48,0.12960997195598872,0.11086219904955999,-0.018747772906428734
isi_cv,unitless,randomized_hdsemg,50,49,0.16309781148255337,0.10207086178113467,-0.0610269497014187
isi_cv,unitless,simulation_truth_all_active_motor_units,10,0,0.33442149362222573,0.20249823416692558,-0.13192325945530015
isi_cv,unitless,simulation_truth_all_active_motor_units,10,1,0.29645140100790773,0.2558729274099957,-0.04057847359791206
isi_cv,unitless,simulation_truth_all_active_motor_units,10,2,0.3097266771115396,0.22091626706938075,-0.08881041004215887
isi_cv,unitless,simulation_truth_all_active_motor_units,10,3,0.3615204522999943,0.23447562135215774,-0.12704483094783656
isi_cv,unitless,simulation_truth_all_active_motor_units,10,4,0.3699180021669252,0.2242994053077251,-0.14561859685920012
isi_cv,unitless,simulation_truth_all_active_motor_units,10,5,0.33625760410318656,0.20297874684079506,-0.1332788572623915
isi_cv,unitless,simulation_truth_all_active_motor_units,10,6,0.33939005200612066,0.20781259744350922,-0.13157745456261144
isi_cv,unitless,simulation_truth_all_active_motor_units,10,7,0.30258730167303416,0.25085275417304903,-0.05173454749998513
isi_cv,unitless,simulation_truth_all_active_motor_units,10,8,0.3091820005703389,0.24544500075796766,-0.06373699981237124
isi_cv,unitless,simulation_truth_all_active_motor_units,10,9,0.3493190912484675,0.20881810418071853,-0.14050098706774897
isi_cv,unitless,simulation_truth_all_active_motor_units,10,10,0.32710175590252943,0.24001655660723584,-0.0870851992952936
isi_cv,unitless,simulation_truth_all_active_motor_units,10,11,0.31771982247130187,0.24401580206396767,-0.0737040204073342
isi_cv,unitless,simulation_truth_all_active_motor_units,10,12,0.3639341419192831,0.2047503898950094,-0.15918375202427368
isi_cv,unitless,simulation_truth_all_active_motor_units,10,13,0.31166130715346346,0.23986317962290007,-0.07179812753056339
isi_cv,unitless,simulation_truth_all_active_motor_units,10,14,0.31038715426510977,0.2436480912496997,-0.06673906301541008
isi_cv,unitless,simulation_truth_all_active_motor_units,10,15,0.2991885531146579,0.24744581570793536,-0.051742737406722555
isi_cv,unitless,simulation_truth_all_active_motor_units,10,16,0.3426014840271622,0.21913636920792245,-0.12346511481923972
isi_cv,unitless,simulation_truth_all_active_motor_units,10,17,0.3035318403732531,0.21309641365173973,-0.09043542672151336
isi_cv,unitless,simulation_truth_all_active_motor_units,10,18,0.3055176548231755,0.19539509462544952,-0.11012256019772598
isi_cv,unitless,simulation_truth_all_active_motor_units,10,19,0.32172232398139733,0.2382080001829448,-0.08351432379845253
isi_cv,unitless,simulation_truth_all_active_motor_units,10,20,0.29444073190320913,0.209979020401024,-0.08446171150218512
isi_cv,unitless,simulation_truth_all_active_motor_units,10,21,0.32449406856565444,0.22182398948051707,-0.10267007908513737
isi_cv,unitless,simulation_truth_all_active_motor_units,10,22,0.3043963816349368,0.22890679152798263,-0.07548959010695419
isi_cv,unitless,simulation_truth_all_active_motor_units,10,23,0.30281317485553777,0.21894902751002526,-0.08386414734551251
isi_cv,unitless,simulation_truth_all_active_motor_units,10,24,0.32183224217502965,0.23295278040892056,-0.08887946176610909
isi_cv,unitless,simulation_truth_all_active_motor_units,10,25,0.31991802297392974,0.2221522909763385,-0.09776573199759123
isi_cv,unitless,simulation_truth_all_active_motor_units,10,26,0.31562824543565227,0.2183659289067576,-0.09726231652889467
isi_cv,unitless,simulation_truth_all_active_motor_units,10,27,0.3237651167560561,0.2483890390907525,-0.07537607766530363
isi_cv,unitless,simulation_truth_all_active_motor_units,10,28,0.3039601204109316,0.2851542781894689,-0.0188058422214627
isi_cv,unitless,simulation_truth_all_active_motor_units,10,29,0.3212217529822919,0.20552625511402656,-0.11569549786826533
isi_cv,unitless,simulation_truth_all_active_motor_units,10,30,0.30265549581092477,0.21877473874923245,-0.08388075706169232
isi_cv,unitless,simulation_truth_all_active_motor_units,10,31,0.3087834594562133,0.27373106272292025,-0.03505239673329308
isi_cv,unitless,simulation_truth_all_active_motor_units,10,32,0.3508092527983934,0.19873241690075893,-0.1520768358976345
isi_cv,unitless,simulation_truth_all_active_motor_units,10,33,0.30283502146560703,0.179134006832019,-0.12370101463358804
isi_cv,unitless,simulation_truth_all_active_motor_units,10,34,0.2766497408462375,0.24691387553925573,-0.029735865306981774
isi_cv,unitless,simulation_truth_all_active_motor_units,10,35,0.353195802428359,0.24875666421141554,-0.10443913821694348
isi_cv,unitless,simulation_truth_all_active_motor_units,10,36,0.3638231293699582,0.24569436517562504,-0.11812876419433316
isi_cv,unitless,simulation_truth_all_active_motor_units,10,37,0.3225160469364138,0.23503950252179967,-0.08747654441461411
isi_cv,unitless,simulation_truth_all_active_motor_units,10,38,0.32154740195044146,0.1900531153087867,-0.13149428664165475
isi_cv,unitless,simulation_truth_all_active_motor_units,10,39,0.3373814583718169,0.23708638494934298,-0.1002950734224739
isi_cv,unitless,simulation_truth_all_active_motor_units,10,40,0.32279201807173036,0.2456211835768209,-0.07717083449490947
isi_cv,unitless,simulation_truth_all_active_motor_units,10,41,0.3288338788190119,0.23336986547380387,-0.09546401334520802
isi_cv,unitless,simulation_truth_all_active_motor_units,10,42,0.3051100144222754,0.23733196768757583,-0.06777804673469959
isi_cv,unitless,simulation_truth_all_active_motor_units,10,43,0.3095869033278693,0.1936433562381816,-0.11594354708968771
isi_cv,unitless,simulation_truth_all_active_motor_units,10,44,0.3200431548346447,0.21821858045530304,-0.10182457437934164
isi_cv,unitless,simulation_truth_all_active_motor_units,10,45,0.3471978557519659,0.24381842140275214,-0.10337943434921373
isi_cv,unitless,simulation_truth_all_active_motor_units,10,46,0.30322112113434263,0.25627444163714685,-0.046946679497195776
isi_cv,unitless,simulation_truth_all_active_motor_units,10,47,0.2977536685092486,0.17252624745520653,-0.12522742105404208
isi_cv,unitless,simulation_truth_all_active_motor_units,10,48,0.31095493738170715,0.22862088560898608,-0.08233405177272107
isi_cv,unitless,simulation_truth_all_active_motor_units,10,49,0.3020470493763277,0.2410676436913826,-0.060979405684945115
isi_cv,unitless,simulation_truth_all_active_motor_units,20,0,0.19805928369252793,0.13005658993765015,-0.06800269375487777
isi_cv,unitless,simulation_truth_all_active_motor_units,20,1,0.2215950481432811,0.1600874096676197,-0.0615076384756614
isi_cv,unitless,simulation_truth_all_active_motor_units,20,2,0.20803171732735085,0.13743049679372832,-0.07060122053362253
isi_cv,unitless,simulation_truth_all_active_motor_units,20,3,0.23098315003115782,0.1581267940952707,-0.07285635593588713
isi_cv,unitless,simulation_truth_all_active_motor_units,20,4,0.20203311172725963,0.1496839958538512,-0.05234911587340843
isi_cv,unitless,simulation_truth_all_active_motor_units,20,5,0.23933082691040125,0.17128684368280195,-0.0680439832275993
isi_cv,unitless,simulation_truth_all_active_motor_units,20,6,0.21788682915250748,0.14901456510012856,-0.06887226405237892
isi_cv,unitless,simulation_truth_all_active_motor_units,20,7,0.2280703283350739,0.1499080354763338,-0.0781622928587401
isi_cv,unitless,simulation_truth_all_active_motor_units,20,8,0.2320040900863518,0.14482501069576925,-0.08717907939058256
isi_cv,unitless,simulation_truth_all_active_motor_units,20,9,0.20880228682919585,0.15144601203308897,-0.05735627479610689
isi_cv,unitless,simulation_truth_all_active_motor_units,20,10,0.22494868689668582,0.15696741064910524,-0.06798127624758057
isi_cv,unitless,simulation_truth_all_active_motor_units,20,11,0.20248725363378434,0.16688054126218824,-0.0356067123715961
isi_cv,unitless,simulation_truth_all_active_motor_units,20,12,0.19257349841670848,0.14047025399297805,-0.05210324442373043
isi_cv,unitless,simulation_truth_all_active_motor_units,20,13,0.2356596973624149,0.18006182291337108,-0.05559787444904382
isi_cv,unitless,simulation_truth_all_active_motor_units,20,14,0.22254401804172852,0.16932815514311808,-0.05321586289861044
isi_cv,unitless,simulation_truth_all_active_motor_units,20,15,0.2163959589803874,0.132926142043458,-0.0834698169369294
isi_cv,unitless,simulation_truth_all_active_motor_units,20,16,0.1983626883303411,0.14851002236227215,-0.04985266596806895
isi_cv,unitless,simulation_truth_all_active_motor_units,20,17,0.22602056099494772,0.16144138088043156,-0.06457918011451616
isi_cv,unitless,simulation_truth_all_active_motor_units,20,18,0.19271603159332765,0.16386914909015443,-0.028846882503173216
isi_cv,unitless,simulation_truth_all_active_motor_units,20,19,0.21123762188268985,0.15942334977734515,-0.0518142721053447
isi_cv,unitless,simulation_truth_all_active_motor_units,20,20,0.23402622816792118,0.20336307893173491,-0.030663149236186266
isi_cv,unitless,simulation_truth_all_active_motor_units,20,21,0.22266526776168674,0.15973047474640428,-0.06293479301528246
isi_cv,unitless,simulation_truth_all_active_motor_units,20,22,0.20303816188669063,0.1361932282817599,-0.06684493360493074
isi_cv,unitless,simulation_truth_all_active_motor_units,20,23,0.22100548510726073,0.17605557832844695,-0.044949906778813775
isi_cv,unitless,simulation_truth_all_active_motor_units,20,24,0.19765069196358642,0.15124297072714638,-0.04640772123644005
isi_cv,unitless,simulation_truth_all_active_motor_units,20,25,0.2013939395445983,0.13413748146478105,-0.06725645807981726
isi_cv,unitless,simulation_truth_all_active_motor_units,20,26,0.2135267599101068,0.14345008074996576,-0.07007667916014104
isi_cv,unitless,simulation_truth_all_active_motor_units,20,27,0.2273388300072591,0.1285208763080492,-0.0988179536992099
isi_cv,unitless,simulation_truth_all_active_motor_units,20,28,0.22531235943435754,0.1526064085412998,-0.07270595089305773
isi_cv,unitless,simulation_truth_all_active_motor_units,20,29,0.22934360258081465,0.14305740371922832,-0.08628619886158634
isi_cv,unitless,simulation_truth_all_active_motor_units,20,30,0.22063321330988747,0.15419213805090426,-0.06644107525898321
isi_cv,unitless,simulation_truth_all_active_motor_units,20,31,0.1939079932106651,0.14219491269166512,-0.051713080518999976
isi_cv,unitless,simulation_truth_all_active_motor_units,20,32,0.22930361492919032,0.15204875417306335,-0.07725486075612698
isi_cv,unitless,simulation_truth_all_active_motor_units,20,33,0.234609112155611,0.1671076901590056,-0.06750142199660542
isi_cv,unitless,simulation_truth_all_active_motor_units,20,34,0.24200814507946133,0.15900623318692533,-0.083001911892536
isi_cv,unitless,simulation_truth_all_active_motor_units,20,35,0.21267965626900312,0.13746384504289136,-0.07521581122611176
isi_cv,unitless,simulation_truth_all_active_motor_units,20,36,0.20128410238348632,0.1456943650804396,-0.05558973730304673
isi_cv,unitless,simulation_truth_all_active_motor_units,20,37,0.21506552380492958,0.14288234212103962,-0.07218318168388996
isi_cv,unitless,simulation_truth_all_active_motor_units,20,38,0.2010775099753607,0.12199542616433108,-0.07908208381102962
isi_cv,unitless,simulation_truth_all_active_motor_units,20,39,0.21508608652273747,0.13912378621248328,-0.0759623003102542
isi_cv,unitless,simulation_truth_all_active_motor_units,20,40,0.21765202908960968,0.15160120368106458,-0.0660508254085451
isi_cv,unitless,simulation_truth_all_active_motor_units,20,41,0.23028706481702987,0.14124081758116977,-0.0890462472358601
isi_cv,unitless,simulation_truth_all_active_motor_units,20,42,0.23718796097781905,0.15444502916522596,-0.0827429318125931
isi_cv,unitless,simulation_truth_all_active_motor_units,20,43,0.23463765830847985,0.1567553001189254,-0.07788235818955444
isi_cv,unitless,simulation_truth_all_active_motor_units,20,44,0.19971845892610204,0.11790655841289062,-0.08181190051321142
isi_cv,unitless,simulation_truth_all_active_motor_units,20,45,0.21249522632497855,0.1281647978097034,-0.08433042851527514
isi_cv,unitless,simulation_truth_all_active_motor_units,20,46,0.21462131088597258,0.15159879028118964,-0.06302252060478294
isi_cv,unitless,simulation_truth_all_active_motor_units,20,47,0.2105365635471891,0.1446748910749928,-0.06586167247219632
isi_cv,unitless,simulation_truth_all_active_motor_units,20,48,0.22338688666994064,0.14584878156842893,-0.07753810510151171
isi_cv,unitless,simulation_truth_all_active_motor_units,20,49,0.23428306857919765,0.15162042484537105,-0.08266264373382659
isi_cv,unitless,simulation_truth_all_active_motor_units,50,0,0.11779161947944661,0.08844714061188286,-0.02934447886756375
isi_cv,unitless,simulation_truth_all_active_motor_units,50,1,0.12311646957793884,0.0770493425061705,-0.04606712707176834
isi_cv,unitless,simulation_truth_all_active_motor_units,50,2,0.12271248184389338,0.07749818727599407,-0.04521429456789931
isi_cv,unitless,simulation_truth_all_active_motor_units,50,3,0.10361110259664423,0.06922345741635345,-0.03438764518029078
isi_cv,unitless,simulation_truth_all_active_motor_units,50,4,0.1141157852572663,0.07109150796544589,-0.043024277291820415
isi_cv,unitless,simulation_truth_all_active_motor_units,50,5,0.1168951916129062,0.0917048190637813,-0.025190372549124887
isi_cv,unitless,simulation_truth_all_active_motor_units,50,6,0.11244778938497328,0.08466069173611589,-0.027787097648857395
isi_cv,unitless,simulation_truth_all_active_motor_units,50,7,0.10417714506447212,0.08776124182604268,-0.01641590323842944
isi_cv,unitless,simulation_truth_all_active_motor_units,50,8,0.10604898634095063,0.08527980705140052,-0.020769179289550105
isi_cv,unitless,simulation_truth_all_active_motor_units,50,9,0.11995258850434277,0.08349545239052297,-0.0364571361138198
isi_cv,unitless,simulation_truth_all_active_motor_units,50,10,0.11687104336532726,0.08055446196225423,-0.036316581403073034
isi_cv,unitless,simulation_truth_all_active_motor_units,50,11,0.11361534847310355,0.07565040505335088,-0.037964943419752664
isi_cv,unitless,simulation_truth_all_active_motor_units,50,12,0.12192041126399783,0.0849267474560426,-0.03699366380795523
isi_cv,unitless,simulation_truth_all_active_motor_units,50,13,0.11561581785522711,0.07776992707919235,-0.03784589077603476
isi_cv,unitless,simulation_truth_all_active_motor_units,50,14,0.11684354719224699,0.08215541819783725,-0.034688128994409734
isi_cv,unitless,simulation_truth_all_active_motor_units,50,15,0.12323956474285365,0.09474282559928754,-0.02849673914356611
isi_cv,unitless,simulation_truth_all_active_motor_units,50,16,0.09716029525573734,0.08510457969507698,-0.01205571556066036
isi_cv,unitless,simulation_truth_all_active_motor_units,50,17,0.11214499482415381,0.09683105002727298,-0.015313944796880835
isi_cv,unitless,simulation_truth_all_active_motor_units,50,18,0.09872885962105755,0.06783684680336911,-0.03089201281768844
isi_cv,unitless,simulation_truth_all_active_motor_units,50,19,0.11008609659920494,0.08857942134839504,-0.021506675250809903
isi_cv,unitless,simulation_truth_all_active_motor_units,50,20,0.10875250444777519,0.09122243118653779,-0.0175300732612374
isi_cv,unitless,simulation_truth_all_active_motor_units,50,21,0.09986137137463127,0.09130116475898144,-0.008560206615649837
isi_cv,unitless,simulation_truth_all_active_motor_units,50,22,0.11408292383494932,0.08918064961779607,-0.024902274217153256
isi_cv,unitless,simulation_truth_all_active_motor_units,50,23,0.11756699302670101,0.08264060831851205,-0.03492638470818896
isi_cv,unitless,simulation_truth_all_active_motor_units,50,24,0.10767140199141904,0.10081179078503315,-0.006859611206385896
isi_cv,unitless,simulation_truth_all_active_motor_units,50,25,0.11222449570900982,0.07220712774340705,-0.04001736796560276
isi_cv,unitless,simulation_truth_all_active_motor_units,50,26,0.12315762259920489,0.08103064572879656,-0.042126976870408325
isi_cv,unitless,simulation_truth_all_active_motor_units,50,27,0.1143755527165288,0.06169042948543959,-0.05268512323108921
isi_cv,unitless,simulation_truth_all_active_motor_units,50,28,0.11261887516895386,0.09333491182981733,-0.019283963339136526
isi_cv,unitless,simulation_truth_all_active_motor_units,50,29,0.12144513906817293,0.0917515440538756,-0.02969359501429733
isi_cv,unitless,simulation_truth_all_active_motor_units,50,30,0.12201891830508803,0.09573249504982119,-0.02628642325526684
isi_cv,unitless,simulation_truth_all_active_motor_units,50,31,0.13235759470688327,0.08532059538726924,-0.047036999319614026
isi_cv,unitless,simulation_truth_all_active_motor_units,50,32,0.12222201994779416,0.09637729365727113,-0.025844726290523035
isi_cv,unitless,simulation_truth_all_active_motor_units,50,33,0.12413741554568337,0.09101572396950704,-0.03312169157617634
isi_cv,unitless,simulation_truth_all_active_motor_units,50,34,0.1217463888219232,0.07624088380642925,-0.04550550501549394
isi_cv,unitless,simulation_truth_all_active_motor_units,50,35,0.11976196247312342,0.09338433697544431,-0.026377625497679108
isi_cv,unitless,simulation_truth_all_active_motor_units,50,36,0.11156869097646294,0.08925649271396667,-0.022312198262496266
isi_cv,unitless,simulation_truth_all_active_motor_units,50,37,0.11170595524784875,0.08125960455766498,-0.03044635069018377
isi_cv,unitless,simulation_truth_all_active_motor_units,50,38,0.12791433369588007,0.0891980370033209,-0.03871629669255916
isi_cv,unitless,simulation_truth_all_active_motor_units,50,39,0.11870530768974992,0.06606403081914256,-0.052641276870607365
isi_cv,unitless,simulation_truth_all_active_motor_units,50,40,0.11227216415606245,0.08246665222484709,-0.02980551193121536
isi_cv,unitless,simulation_truth_all_active_motor_units,50,41,0.12239130206431625,0.07604539634579101,-0.046345905718525246
isi_cv,unitless,simulation_truth_all_active_motor_units,50,42,0.11236373494012435,0.09828388348370008,-0.014079851456424264
isi_cv,unitless,simulation_truth_all_active_motor_units,50,43,0.10513572536856183,0.07993228099409562,-0.025203444374466213
isi_cv,unitless,simulation_truth_all_active_motor_units,50,44,0.10843171227398653,0.09474030363778722,-0.013691408636199304
isi_cv,unitless,simulation_truth_all_active_motor_units,50,45,0.10768280936750542,0.09786670001770001,-0.00981610934980541
isi_cv,unitless,simulation_truth_all_active_motor_units,50,46,0.12554207732531142,0.06765047594452214,-0.057891601380789276
isi_cv,unitless,simulation_truth_all_active_motor_units,50,47,0.11676857615539044,0.09225566414286296,-0.024512912012527477
isi_cv,unitless,simulation_truth_all_active_motor_units,50,48,0.11643155603332753,0.09834029782347253,-0.018091258209854993
isi_cv,unitless,simulation_truth_all_active_motor_units,50,49,0.12056868909845939,0.0810087500574581,-0.03955993904100129
